"ID","Class"
6284,H
6285,A
6286,A
6287,O
6288,i
6289,e
6290,0
6291,R
6292,B
6293,H
6294,N
6295,N
6296,H
6297,H
6298,R
6299,E
6300,A
6301,R
6302,A
6303,S
6304,M
6305,A
6306,A
6307,E
6308,R
6309,S
6310,S
6311,O
6312,n
6313,r
6314,A
6315,W
6316,e
6317,U
6318,O
6319,T
6320,L
6321,n
6322,E
6323,I
6324,W
6325,I
6326,A
6327,R
6328,R
6329,l
6330,O
6331,A
6332,I
6333,T
6334,e
6335,E
6336,i
6337,I
6338,N
6339,O
6340,O
6341,T
6342,R
6343,R
6344,O
6345,a
6346,E
6347,O
6348,Y
6349,E
6350,C
6351,U
6352,N
6353,I
6354,O
6355,E
6356,o
6357,I
6358,r
6359,N
6360,a
6361,N
6362,A
6363,E
6364,I
6365,R
6366,O
6367,J
6368,A
6369,I
6370,i
6371,A
6372,N
6373,R
6374,H
6375,E
6376,L
6377,A
6378,A
6379,s
6380,T
6381,M
6382,o
6383,E
6384,R
6385,E
6386,I
6387,A
6388,n
6389,O
6390,A
6391,s
6392,T
6393,e
6394,A
6395,P
6396,L
6397,O
6398,S
6399,A
6400,r
6401,S
6402,A
6403,E
6404,P
6405,S
6406,O
6407,N
6408,I
6409,A
6410,N
6411,C
6412,T
6413,O
6414,R
6415,A
6416,N
6417,o
6418,P
6419,N
6420,M
6421,S
6422,O
6423,R
6424,s
6425,E
6426,2
6427,A
6428,A
6429,O
6430,T
6431,A
6432,D
6433,S
6434,s
6435,D
6436,I
6437,T
6438,r
6439,0
6440,E
6441,A
6442,A
6443,m
6444,s
6445,I
6446,E
6447,E
6448,N
6449,A
6450,I
6451,L
6452,L
6453,O
6454,R
6455,T
6456,R
6457,B
6458,i
6459,T
6460,n
6461,N
6462,A
6463,i
6464,e
6465,C
6466,U
6467,C
6468,A
6469,A
6470,O
6471,H
6472,A
6473,E
6474,E
6475,N
6476,A
6477,R
6478,7
6479,A
6480,A
6481,T
6482,o
6483,T
6484,D
6485,R
6486,A
6487,A
6488,N
6489,P
6490,e
6491,O
6492,R
6493,A
6494,Y
6495,R
6496,D
6497,U
6498,N
6499,U
6500,e
6501,e
6502,A
6503,D
6504,A
6505,I
6506,O
6507,I
6508,a
6509,E
6510,S
6511,E
6512,E
6513,a
6514,M
6515,A
6516,N
6517,S
6518,N
6519,N
6520,O
6521,e
6522,R
6523,A
6524,S
6525,L
6526,E
6527,A
6528,o
6529,I
6530,r
6531,R
6532,N
6533,r
6534,a
6535,C
6536,i
6537,R
6538,r
6539,a
6540,A
6541,O
6542,R
6543,E
6544,O
6545,H
6546,D
6547,I
6548,M
6549,j
6550,A
6551,R
6552,N
6553,M
6554,e
6555,I
6556,R
6557,O
6558,Y
6559,I
6560,F
6561,R
6562,n
6563,E
6564,G
6565,E
6566,e
6567,S
6568,n
6569,S
6570,E
6571,O
6572,O
6573,N
6574,s
6575,D
6576,N
6577,O
6578,0
6579,E
6580,A
6581,A
6582,R
6583,S
6584,E
6585,T
6586,I
6587,H
6588,E
6589,A
6590,A
6591,E
6592,I
6593,L
6594,e
6595,A
6596,e
6597,O
6598,I
6599,A
6600,I
6601,O
6602,P
6603,E
6604,O
6605,S
6606,L
6607,E
6608,a
6609,T
6610,H
6611,L
6612,A
6613,H
6614,n
6615,C
6616,D
6617,P
6618,M
6619,M
6620,R
6621,U
6622,C
6623,O
6624,T
6625,n
6626,A
6627,P
6628,O
6629,R
6630,R
6631,O
6632,T
6633,V
6634,A
6635,B
6636,E
6637,A
6638,T
6639,E
6640,C
6641,T
6642,P
6643,C
6644,s
6645,E
6646,i
6647,C
6648,G
6649,E
6650,P
6651,e
6652,E
6653,o
6654,N
6655,r
6656,S
6657,P
6658,E
6659,E
6660,C
6661,E
6662,L
6663,R
6664,E
6665,I
6666,R
6667,o
6668,A
6669,l
6670,C
6671,E
6672,E
6673,O
6674,R
6675,E
6676,A
6677,O
6678,P
6679,T
6680,L
6681,T
6682,E
6683,L
6684,A
6685,o
6686,A
6687,I
6688,H
6689,L
6690,A
6691,S
6692,T
6693,A
6694,M
6695,A
6696,E
6697,E
6698,M
6699,i
6700,H
6701,O
6702,E
6703,S
6704,D
6705,P
6706,H
6707,L
6708,I
6709,S
6710,t
6711,O
6712,f
6713,T
6714,E
6715,e
6716,A
6717,c
6718,A
6719,O
6720,V
6721,S
6722,S
6723,M
6724,n
6725,M
6726,T
6727,N
6728,E
6729,A
6730,S
6731,A
6732,T
6733,C
6734,E
6735,I
6736,O
6737,O
6738,R
6739,n
6740,E
6741,R
6742,T
6743,E
6744,A
6745,E
6746,R
6747,N
6748,a
6749,n
6750,I
6751,I
6752,t
6753,n
6754,E
6755,a
6756,S
6757,r
6758,R
6759,A
6760,T
6761,R
6762,s
6763,U
6764,O
6765,S
6766,I
6767,U
6768,O
6769,O
6770,t
6771,O
6772,L
6773,R
6774,V
6775,T
6776,A
6777,S
6778,O
6779,0
6780,C
6781,a
6782,U
6783,A
6784,T
6785,C
6786,t
6787,T
6788,S
6789,a
6790,0
6791,S
6792,N
6793,O
6794,M
6795,T
6796,T
6797,A
6798,O
6799,O
6800,N
6801,T
6802,O
6803,A
6804,A
6805,A
6806,I
6807,E
6808,C
6809,J
6810,D
6811,N
6812,E
6813,S
6814,Y
6815,R
6816,A
6817,S
6818,t
6819,R
6820,A
6821,T
6822,S
6823,E
6824,L
6825,H
6826,R
6827,N
6828,N
6829,P
6830,R
6831,a
6832,C
6833,E
6834,S
6835,C
6836,L
6837,A
6838,A
6839,O
6840,I
6841,I
6842,a
6843,E
6844,r
6845,n
6846,r
6847,O
6848,a
6849,E
6850,H
6851,O
6852,T
6853,E
6854,E
6855,U
6856,O
6857,E
6858,N
6859,A
6860,D
6861,N
6862,E
6863,T
6864,E
6865,I
6866,E
6867,A
6868,R
6869,A
6870,E
6871,L
6872,T
6873,O
6874,S
6875,N
6876,E
6877,A
6878,L
6879,E
6880,D
6881,T
6882,D
6883,Y
6884,L
6885,L
6886,I
6887,A
6888,A
6889,E
6890,A
6891,S
6892,I
6893,I
6894,I
6895,T
6896,I
6897,T
6898,r
6899,M
6900,A
6901,V
6902,C
6903,A
6904,S
6905,T
6906,i
6907,R
6908,R
6909,A
6910,L
6911,I
6912,R
6913,D
6914,I
6915,O
6916,I
6917,e
6918,C
6919,t
6920,R
6921,Y
6922,y
6923,9
6924,A
6925,S
6926,P
6927,N
6928,E
6929,E
6930,R
6931,i
6932,O
6933,A
6934,E
6935,L
6936,n
6937,R
6938,T
6939,A
6940,D
6941,A
6942,R
6943,F
6944,O
6945,E
6946,N
6947,T
6948,T
6949,1
6950,L
6951,S
6952,o
6953,D
6954,n
6955,I
6956,o
6957,A
6958,a
6959,0
6960,T
6961,E
6962,E
6963,E
6964,O
6965,A
6966,E
6967,N
6968,E
6969,T
6970,I
6971,i
6972,S
6973,L
6974,T
6975,t
6976,e
6977,R
6978,A
6979,A
6980,l
6981,O
6982,M
6983,A
6984,N
6985,D
6986,A
6987,E
6988,A
6989,E
6990,R
6991,I
6992,o
6993,T
6994,S
6995,N
6996,I
6997,a
6998,A
6999,L
7000,A
7001,A
7002,I
7003,W
7004,N
7005,i
7006,R
7007,R
7008,E
7009,i
7010,E
7011,M
7012,O
7013,R
7014,O
7015,I
7016,E
7017,P
7018,L
7019,i
7020,A
7021,a
7022,N
7023,C
7024,L
7025,I
7026,P
7027,a
7028,o
7029,S
7030,C
7031,R
7032,R
7033,e
7034,O
7035,A
7036,A
7037,E
7038,C
7039,E
7040,A
7041,S
7042,0
7043,Y
7044,E
7045,E
7046,O
7047,R
7048,a
7049,I
7050,I
7051,O
7052,I
7053,E
7054,P
7055,E
7056,2
7057,e
7058,T
7059,A
7060,D
7061,K
7062,T
7063,e
7064,R
7065,O
7066,s
7067,2
7068,I
7069,G
7070,F
7071,H
7072,7
7073,S
7074,2
7075,N
7076,R
7077,O
7078,P
7079,C
7080,E
7081,A
7082,I
7083,U
7084,P
7085,A
7086,D
7087,h
7088,I
7089,O
7090,E
7091,R
7092,L
7093,R
7094,e
7095,A
7096,A
7097,O
7098,E
7099,E
7100,T
7101,R
7102,O
7103,L
7104,I
7105,O
7106,E
7107,L
7108,O
7109,R
7110,t
7111,A
7112,Y
7113,R
7114,e
7115,A
7116,M
7117,E
7118,A
7119,S
7120,I
7121,R
7122,e
7123,M
7124,E
7125,S
7126,M
7127,e
7128,A
7129,L
7130,A
7131,0
7132,S
7133,W
7134,N
7135,C
7136,r
7137,O
7138,E
7139,E
7140,I
7141,T
7142,a
7143,N
7144,A
7145,t
7146,i
7147,r
7148,W
7149,O
7150,A
7151,I
7152,E
7153,d
7154,A
7155,A
7156,2
7157,A
7158,n
7159,A
7160,E
7161,P
7162,a
7163,N
7164,I
7165,A
7166,L
7167,A
7168,E
7169,A
7170,R
7171,O
7172,R
7173,L
7174,E
7175,S
7176,s
7177,R
7178,A
7179,P
7180,h
7181,A
7182,H
7183,M
7184,A
7185,7
7186,A
7187,E
7188,T
7189,A
7190,H
7191,A
7192,A
7193,i
7194,S
7195,e
7196,O
7197,H
7198,R
7199,O
7200,N
7201,7
7202,D
7203,O
7204,O
7205,e
7206,o
7207,R
7208,N
7209,R
7210,T
7211,R
7212,T
7213,A
7214,A
7215,0
7216,D
7217,t
7218,T
7219,S
7220,E
7221,A
7222,A
7223,N
7224,W
7225,E
7226,S
7227,R
7228,A
7229,O
7230,E
7231,S
7232,A
7233,R
7234,D
7235,o
7236,O
7237,S
7238,O
7239,E
7240,R
7241,L
7242,T
7243,S
7244,R
7245,N
7246,R
7247,O
7248,a
7249,O
7250,U
7251,n
7252,E
7253,E
7254,a
7255,A
7256,S
7257,a
7258,A
7259,I
7260,S
7261,t
7262,O
7263,N
7264,A
7265,R
7266,C
7267,S
7268,O
7269,O
7270,E
7271,R
7272,O
7273,R
7274,S
7275,N
7276,t
7277,T
7278,R
7279,L
7280,t
7281,D
7282,A
7283,T
7284,L
7285,R
7286,R
7287,P
7288,I
7289,E
7290,E
7291,E
7292,N
7293,E
7294,U
7295,n
7296,A
7297,E
7298,E
7299,A
7300,O
7301,l
7302,E
7303,O
7304,I
7305,E
7306,O
7307,D
7308,R
7309,T
7310,A
7311,E
7312,r
7313,A
7314,A
7315,A
7316,S
7317,S
7318,R
7319,I
7320,C
7321,S
7322,T
7323,S
7324,R
7325,I
7326,O
7327,S
7328,s
7329,Y
7330,H
7331,R
7332,I
7333,A
7334,A
7335,M
7336,0
7337,R
7338,H
7339,I
7340,I
7341,R
7342,E
7343,E
7344,U
7345,R
7346,E
7347,O
7348,P
7349,E
7350,A
7351,e
7352,N
7353,D
7354,a
7355,T
7356,O
7357,T
7358,r
7359,n
7360,i
7361,L
7362,A
7363,S
7364,Y
7365,C
7366,T
7367,K
7368,S
7369,E
7370,A
7371,I
7372,O
7373,T
7374,N
7375,E
7376,R
7377,E
7378,I
7379,A
7380,E
7381,P
7382,s
7383,T
7384,O
7385,I
7386,D
7387,a
7388,O
7389,I
7390,e
7391,T
7392,T
7393,M
7394,a
7395,M
7396,O
7397,L
7398,O
7399,D
7400,I
7401,E
7402,R
7403,N
7404,A
7405,a
7406,R
7407,E
7408,E
7409,O
7410,6
7411,N
7412,A
7413,r
7414,R
7415,A
7416,I
7417,T
7418,A
7419,D
7420,E
7421,I
7422,C
7423,O
7424,7
7425,A
7426,m
7427,L
7428,M
7429,M
7430,I
7431,I
7432,t
7433,A
7434,A
7435,r
7436,R
7437,A
7438,M
7439,S
7440,M
7441,a
7442,A
7443,U
7444,R
7445,S
7446,P
7447,X
7448,C
7449,O
7450,E
7451,L
7452,D
7453,O
7454,s
7455,M
7456,s
7457,C
7458,M
7459,R
7460,S
7461,N
7462,E
7463,I
7464,I
7465,T
7466,e
7467,O
7468,A
7469,A
7470,V
7471,G
7472,N
7473,I
7474,P
7475,a
7476,P
7477,R
7478,S
7479,A
7480,S
7481,C
7482,O
7483,T
7484,L
7485,A
7486,I
7487,A
7488,S
7489,E
7490,P
7491,6
7492,E
7493,A
7494,i
7495,I
7496,e
7497,C
7498,E
7499,I
7500,e
7501,O
7502,P
7503,N
7504,O
7505,s
7506,O
7507,R
7508,O
7509,R
7510,T
7511,G
7512,R
7513,S
7514,A
7515,S
7516,i
7517,L
7518,E
7519,R
7520,E
7521,M
7522,E
7523,A
7524,I
7525,A
7526,T
7527,A
7528,P
7529,T
7530,I
7531,R
7532,O
7533,A
7534,E
7535,A
7536,S
7537,N
7538,l
7539,R
7540,I
7541,O
7542,n
7543,A
7544,R
7545,O
7546,a
7547,R
7548,R
7549,E
7550,A
7551,A
7552,i
7553,A
7554,a
7555,E
7556,R
7557,N
7558,R
7559,S
7560,M
7561,C
7562,E
7563,1
7564,T
7565,A
7566,I
7567,D
7568,R
7569,R
7570,N
7571,K
7572,F
7573,A
7574,N
7575,e
7576,R
7577,I
7578,o
7579,3
7580,R
7581,R
7582,0
7583,i
7584,M
7585,O
7586,T
7587,N
7588,P
7589,w
7590,S
7591,P
7592,E
7593,T
7594,M
7595,C
7596,O
7597,R
7598,I
7599,I
7600,E
7601,r
7602,L
7603,N
7604,A
7605,N
7606,S
7607,m
7608,S
7609,R
7610,E
7611,V
7612,E
7613,O
7614,I
7615,A
7616,R
7617,r
7618,i
7619,S
7620,E
7621,M
7622,T
7623,I
7624,A
7625,O
7626,M
7627,O
7628,A
7629,e
7630,n
7631,D
7632,I
7633,A
7634,A
7635,E
7636,X
7637,P
7638,O
7639,2
7640,S
7641,E
7642,I
7643,T
7644,e
7645,A
7646,t
7647,P
7648,A
7649,O
7650,E
7651,R
7652,I
7653,A
7654,O
7655,S
7656,l
7657,E
7658,A
7659,r
7660,N
7661,R
7662,R
7663,N
7664,V
7665,L
7666,A
7667,F
7668,A
7669,C
7670,N
7671,S
7672,O
7673,I
7674,E
7675,I
7676,E
7677,O
7678,O
7679,I
7680,T
7681,A
7682,a
7683,S
7684,E
7685,n
7686,S
7687,I
7688,E
7689,u
7690,O
7691,O
7692,M
7693,C
7694,T
7695,r
7696,H
7697,T
7698,C
7699,R
7700,a
7701,S
7702,N
7703,P
7704,E
7705,R
7706,I
7707,A
7708,S
7709,R
7710,O
7711,D
7712,F
7713,e
7714,A
7715,O
7716,E
7717,o
7718,D
7719,T
7720,T
7721,S
7722,S
7723,P
7724,C
7725,S
7726,I
7727,E
7728,N
7729,R
7730,R
7731,A
7732,N
7733,E
7734,D
7735,N
7736,n
7737,S
7738,R
7739,d
7740,p
7741,0
7742,A
7743,e
7744,A
7745,A
7746,R
7747,C
7748,A
7749,N
7750,T
7751,W
7752,C
7753,T
7754,E
7755,N
7756,e
7757,O
7758,A
7759,A
7760,O
7761,V
7762,S
7763,S
7764,E
7765,I
7766,R
7767,E
7768,6
7769,A
7770,N
7771,l
7772,R
7773,I
7774,R
7775,R
7776,A
7777,n
7778,e
7779,O
7780,E
7781,A
7782,r
7783,A
7784,I
7785,a
7786,C
7787,N
7788,S
7789,O
7790,P
7791,A
7792,M
7793,t
7794,N
7795,A
7796,E
7797,N
7798,e
7799,O
7800,E
7801,I
7802,I
7803,A
7804,A
7805,I
7806,I
7807,E
7808,o
7809,U
7810,R
7811,O
7812,S
7813,E
7814,T
7815,a
7816,S
7817,E
7818,A
7819,O
7820,T
7821,P
7822,e
7823,r
7824,T
7825,A
7826,A
7827,r
7828,E
7829,R
7830,E
7831,P
7832,E
7833,S
7834,O
7835,R
7836,A
7837,R
7838,A
7839,S
7840,Y
7841,A
7842,A
7843,T
7844,N
7845,e
7846,E
7847,L
7848,I
7849,N
7850,r
7851,R
7852,A
7853,M
7854,E
7855,i
7856,T
7857,U
7858,O
7859,S
7860,L
7861,A
7862,E
7863,L
7864,R
7865,7
7866,N
7867,A
7868,q
7869,R
7870,A
7871,E
7872,G
7873,L
7874,A
7875,E
7876,E
7877,R
7878,S
7879,N
7880,e
7881,A
7882,S
7883,C
7884,a
7885,S
7886,E
7887,D
7888,A
7889,O
7890,E
7891,N
7892,E
7893,L
7894,s
7895,N
7896,I
7897,M
7898,A
7899,E
7900,E
7901,e
7902,E
7903,S
7904,N
7905,T
7906,O
7907,V
7908,s
7909,I
7910,A
7911,K
7912,E
7913,O
7914,2
7915,C
7916,R
7917,K
7918,S
7919,I
7920,v
7921,I
7922,6
7923,H
7924,e
7925,R
7926,P
7927,T
7928,L
7929,r
7930,D
7931,a
7932,O
7933,H
7934,T
7935,E
7936,e
7937,T
7938,N
7939,I
7940,T
7941,r
7942,H
7943,O
7944,I
7945,E
7946,A
7947,E
7948,R
7949,o
7950,T
7951,E
7952,A
7953,A
7954,I
7955,B
7956,I
7957,T
7958,T
7959,E
7960,A
7961,E
7962,N
7963,W
7964,T
7965,O
7966,I
7967,R
7968,S
7969,O
7970,S
7971,N
7972,W
7973,N
7974,T
7975,R
7976,A
7977,A
7978,e
7979,T
7980,E
7981,T
7982,A
7983,T
7984,N
7985,L
7986,T
7987,N
7988,e
7989,S
7990,T
7991,S
7992,R
7993,T
7994,C
7995,D
7996,O
7997,R
7998,n
7999,D
8000,N
8001,O
8002,S
8003,A
8004,e
8005,T
8006,T
8007,I
8008,T
8009,A
8010,I
8011,A
8012,H
8013,R
8014,T
8015,E
8016,L
8017,C
8018,r
8019,n
8020,T
8021,A
8022,T
8023,O
8024,R
8025,Y
8026,O
8027,R
8028,O
8029,A
8030,a
8031,N
8032,E
8033,C
8034,a
8035,S
8036,M
8037,E
8038,T
8039,R
8040,T
8041,n
8042,O
8043,A
8044,N
8045,N
8046,N
8047,O
8048,s
8049,o
8050,C
8051,A
8052,t
8053,N
8054,H
8055,I
8056,N
8057,I
8058,I
8059,M
8060,R
8061,S
8062,R
8063,S
8064,R
8065,E
8066,S
8067,S
8068,T
8069,N
8070,N
8071,A
8072,I
8073,S
8074,N
8075,S
8076,O
8077,R
8078,R
8079,M
8080,S
8081,E
8082,S
8083,e
8084,R
8085,d
8086,S
8087,M
8088,T
8089,E
8090,R
8091,E
8092,T
8093,E
8094,E
8095,u
8096,r
8097,T
8098,I
8099,A
8100,S
8101,i
8102,I
8103,0
8104,I
8105,A
8106,R
8107,C
8108,C
8109,T
8110,A
8111,E
8112,i
8113,D
8114,o
8115,O
8116,L
8117,A
8118,N
8119,L
8120,A
8121,A
8122,N
8123,R
8124,I
8125,O
8126,0
8127,E
8128,I
8129,I
8130,L
8131,A
8132,I
8133,N
8134,H
8135,R
8136,C
8137,N
8138,I
8139,P
8140,O
8141,I
8142,A
8143,O
8144,T
8145,A
8146,N
8147,E
8148,O
8149,E
8150,C
8151,E
8152,P
8153,A
8154,e
8155,O
8156,P
8157,G
8158,I
8159,D
8160,H
8161,R
8162,s
8163,N
8164,E
8165,R
8166,R
8167,O
8168,S
8169,R
8170,o
8171,E
8172,I
8173,A
8174,S
8175,E
8176,T
8177,A
8178,t
8179,A
8180,I
8181,I
8182,O
8183,O
8184,E
8185,A
8186,N
8187,L
8188,A
8189,H
8190,e
8191,E
8192,i
8193,S
8194,S
8195,M
8196,e
8197,A
8198,S
8199,D
8200,A
8201,e
8202,T
8203,I
8204,T
8205,A
8206,N
8207,D
8208,e
8209,L
8210,E
8211,S
8212,R
8213,A
8214,T
8215,M
8216,N
8217,C
8218,R
8219,a
8220,E
8221,I
8222,E
8223,I
8224,I
8225,N
8226,E
8227,A
8228,E
8229,m
8230,s
8231,O
8232,T
8233,N
8234,E
8235,A
8236,I
8237,D
8238,A
8239,o
8240,a
8241,O
8242,E
8243,i
8244,S
8245,C
8246,I
8247,L
8248,M
8249,T
8250,A
8251,C
8252,M
8253,o
8254,O
8255,s
8256,Y
8257,P
8258,e
8259,N
8260,C
8261,R
8262,O
8263,I
8264,S
8265,A
8266,S
8267,E
8268,E
8269,A
8270,A
8271,E
8272,U
8273,s
8274,O
8275,E
8276,R
8277,R
8278,A
8279,P
8280,L
8281,O
8282,R
8283,A
8284,A
8285,L
8286,S
8287,i
8288,E
8289,S
8290,E
8291,i
8292,A
8293,A
8294,O
8295,T
8296,E
8297,N
8298,A
8299,E
8300,D
8301,O
8302,I
8303,R
8304,N
8305,O
8306,V
8307,I
8308,A
8309,N
8310,C
8311,E
8312,O
8313,E
8314,7
8315,A
8316,E
8317,K
8318,E
8319,D
8320,A
8321,h
8322,C
8323,P
8324,E
8325,N
8326,T
8327,I
8328,E
8329,I
8330,e
8331,A
8332,I
8333,K
8334,R
8335,O
8336,O
8337,A
8338,O
8339,r
8340,A
8341,C
8342,a
8343,A
8344,E
8345,N
8346,S
8347,H
8348,O
8349,e
8350,I
8351,A
8352,G
8353,T
8354,R
8355,E
8356,I
8357,B
8358,O
8359,l
8360,r
8361,I
8362,P
8363,e
8364,O
8365,O
8366,A
8367,O
8368,R
8369,S
8370,E
8371,T
8372,i
8373,A
8374,N
8375,P
8376,L
8377,R
8378,A
8379,N
8380,N
8381,n
8382,P
8383,R
8384,S
8385,a
8386,S
8387,A
8388,E
8389,R
8390,N
8391,I
8392,D
8393,e
8394,N
8395,S
8396,P
8397,D
8398,R
8399,I
8400,A
8401,C
8402,E
8403,A
8404,e
8405,S
8406,N
8407,S
8408,E
8409,E
8410,N
8411,E
8412,S
8413,A
8414,T
8415,D
8416,E
8417,R
8418,l
8419,R
8420,R
8421,N
8422,M
8423,N
8424,N
8425,O
8426,A
8427,A
8428,E
8429,U
8430,O
8431,T
8432,A
8433,H
8434,N
8435,O
8436,A
8437,A
8438,O
8439,A
8440,0
8441,A
8442,H
8443,R
8444,S
8445,t
8446,C
8447,R
8448,E
8449,A
8450,D
8451,n
8452,O
8453,R
8454,I
8455,I
8456,A
8457,R
8458,R
8459,r
8460,E
8461,E
8462,O
8463,E
8464,L
8465,S
8466,A
8467,N
8468,L
8469,P
8470,t
8471,t
8472,E
8473,E
8474,R
8475,n
8476,H
8477,E
8478,T
8479,C
8480,R
8481,o
8482,P
8483,R
8484,C
8485,A
8486,E
8487,I
8488,S
8489,e
8490,A
8491,E
8492,O
8493,R
8494,E
8495,L
8496,S
8497,h
8498,E
8499,T
8500,E
8501,d
8502,A
8503,E
8504,A
8505,E
8506,T
8507,e
8508,N
8509,I
8510,E
8511,A
8512,R
8513,6
8514,E
8515,O
8516,P
8517,I
8518,R
8519,D
8520,r
8521,N
8522,Y
8523,R
8524,t
8525,N
8526,S
8527,H
8528,D
8529,I
8530,S
8531,P
8532,e
8533,E
8534,E
8535,O
8536,R
8537,E
8538,A
8539,S
8540,E
8541,n
8542,D
8543,I
8544,M
8545,F
8546,Y
8547,L
8548,T
8549,E
8550,S
8551,A
8552,O
8553,O
8554,S
8555,E
8556,S
8557,D
8558,N
8559,2
8560,I
8561,Y
8562,O
8563,G
8564,A
8565,T
8566,I
8567,I
8568,D
8569,I
8570,I
8571,E
8572,N
8573,A
8574,D
8575,A
8576,O
8577,A
8578,A
8579,A
8580,T
8581,K
8582,e
8583,O
8584,H
8585,T
8586,2
8587,6
8588,I
8589,r
8590,5
8591,I
8592,R
8593,I
8594,E
8595,r
8596,M
8597,T
8598,E
8599,I
8600,N
8601,L
8602,e
8603,A
8604,T
8605,E
8606,A
8607,O
8608,E
8609,l
8610,A
8611,0
8612,A
8613,A
8614,I
8615,T
8616,E
8617,R
8618,R
8619,A
8620,U
8621,R
8622,e
8623,I
8624,A
8625,E
8626,b
8627,E
8628,N
8629,A
8630,E
8631,H
8632,O
8633,S
8634,N
8635,A
8636,I
8637,C
8638,T
8639,E
8640,O
8641,S
8642,H
8643,A
8644,M
8645,O
8646,O
8647,e
8648,O
8649,I
8650,I
8651,e
8652,E
8653,e
8654,N
8655,S
8656,N
8657,I
8658,E
8659,W
8660,A
8661,R
8662,r
8663,A
8664,E
8665,A
8666,I
8667,E
8668,D
8669,O
8670,s
8671,N
8672,R
8673,C
8674,D
8675,I
8676,A
8677,R
8678,T
8679,D
8680,r
8681,I
8682,A
8683,E
8684,O
8685,C
8686,R
8687,C
8688,A
8689,S
8690,A
8691,S
8692,I
8693,O
8694,I
8695,N
8696,T
8697,O
8698,E
8699,R
8700,D
8701,E
8702,P
8703,r
8704,T
8705,7
8706,s
8707,T
8708,2
8709,A
8710,V
8711,E
8712,E
8713,t
8714,T
8715,i
8716,E
8717,E
8718,N
8719,R
8720,O
8721,R
8722,R
8723,N
8724,i
8725,I
8726,N
8727,O
8728,M
8729,S
8730,R
8731,D
8732,A
8733,A
8734,R
8735,P
8736,M
8737,A
8738,A
8739,L
8740,N
8741,I
8742,n
8743,r
8744,V
8745,T
8746,R
8747,R
8748,O
8749,D
8750,E
8751,E
8752,P
8753,H
8754,a
8755,a
8756,T
8757,I
8758,E
8759,P
8760,R
8761,O
8762,A
8763,N
8764,D
8765,S
8766,O
8767,e
8768,L
8769,E
8770,E
8771,e
8772,R
8773,S
8774,e
8775,M
8776,R
8777,A
8778,R
8779,D
8780,O
8781,E
8782,O
8783,T
8784,C
8785,D
8786,L
8787,o
8788,L
8789,E
8790,r
8791,C
8792,O
8793,N
8794,0
8795,e
8796,O
8797,O
8798,N
8799,E
8800,0
8801,7
8802,O
8803,S
8804,a
8805,O
8806,S
8807,I
8808,L
8809,U
8810,E
8811,R
8812,O
8813,S
8814,A
8815,S
8816,O
8817,D
8818,G
8819,e
8820,L
8821,w
8822,A
8823,E
8824,T
8825,C
8826,U
8827,R
8828,H
8829,E
8830,R
8831,e
8832,O
8833,N
8834,e
8835,R
8836,A
8837,P
8838,A
8839,E
8840,e
8841,N
8842,A
8843,I
8844,A
8845,P
8846,E
8847,E
8848,l
8849,A
8850,S
8851,A
8852,O
8853,R
8854,O
8855,T
8856,A
8857,A
8858,S
8859,R
8860,I
8861,D
8862,e
8863,P
8864,s
8865,C
8866,N
8867,O
8868,L
8869,H
8870,D
8871,D
8872,A
8873,A
8874,0
8875,E
8876,E
8877,A
8878,o
8879,i
8880,T
8881,a
8882,G
8883,e
8884,A
8885,O
8886,Y
8887,S
8888,P
8889,N
8890,S
8891,R
8892,O
8893,C
8894,n
8895,N
8896,D
8897,T
8898,E
8899,A
8900,e
8901,e
8902,C
8903,R
8904,O
8905,O
8906,A
8907,P
8908,O
8909,I
8910,A
8911,7
8912,R
8913,E
8914,E
8915,R
8916,E
8917,e
8918,R
8919,Y
8920,O
8921,C
8922,N
8923,1
8924,E
8925,S
8926,U
8927,V
8928,L
8929,2
8930,R
8931,M
8932,A
8933,L
8934,r
8935,R
8936,D
8937,D
8938,O
8939,N
8940,D
8941,S
8942,S
8943,O
8944,N
8945,I
8946,R
8947,I
8948,T
8949,H
8950,r
8951,C
8952,C
8953,r
8954,e
8955,I
8956,a
8957,A
8958,r
8959,C
8960,P
8961,E
8962,M
8963,a
8964,T
8965,A
8966,T
8967,s
8968,P
8969,N
8970,R
8971,O
8972,a
8973,A
8974,I
8975,A
8976,2
8977,G
8978,E
8979,n
8980,O
8981,3
8982,W
8983,U
8984,S
8985,E
8986,S
8987,r
8988,N
8989,O
8990,R
8991,A
8992,2
8993,i
8994,S
8995,H
8996,n
8997,R
8998,A
8999,A
9000,E
9001,N
9002,A
9003,O
9004,M
9005,A
9006,R
9007,E
9008,I
9009,O
9010,A
9011,O
9012,P
9013,o
9014,o
9015,t
9016,R
9017,l
9018,A
9019,P
9020,T
9021,T
9022,R
9023,A
9024,R
9025,A
9026,H
9027,D
9028,A
9029,L
9030,D
9031,A
9032,A
9033,i
9034,E
9035,R
9036,0
9037,R
9038,L
9039,N
9040,N
9041,M
9042,E
9043,L
9044,I
9045,J
9046,I
9047,R
9048,r
9049,T
9050,E
9051,N
9052,A
9053,A
9054,R
9055,A
9056,e
9057,O
9058,A
9059,s
9060,S
9061,I
9062,E
9063,r
9064,A
9065,C
9066,A
9067,T
9068,L
9069,O
9070,E
9071,T
9072,R
9073,O
9074,S
9075,E
9076,a
9077,V
9078,E
9079,A
9080,E
9081,2
9082,S
9083,E
9084,e
9085,E
9086,N
9087,D
9088,T
9089,A
9090,R
9091,R
9092,T
9093,L
9094,E
9095,E
9096,O
9097,A
9098,R
9099,E
9100,P
9101,A
9102,I
9103,T
9104,E
9105,K
9106,R
9107,N
9108,P
9109,e
9110,I
9111,l
9112,M
9113,H
9114,C
9115,A
9116,N
9117,E
9118,S
9119,E
9120,O
9121,M
9122,I
9123,E
9124,R
9125,G
9126,2
9127,R
9128,a
9129,T
9130,O
9131,O
9132,I
9133,A
9134,U
9135,m
9136,T
9137,R
9138,E
9139,R
9140,E
9141,R
9142,E
9143,A
9144,S
9145,O
9146,O
9147,T
9148,S
9149,I
9150,T
9151,A
9152,O
9153,A
9154,O
9155,A
9156,T
9157,U
9158,f
9159,C
9160,7
9161,A
9162,S
9163,M
9164,A
9165,R
9166,E
9167,e
9168,I
9169,0
9170,A
9171,A
9172,T
9173,M
9174,e
9175,E
9176,F
9177,I
9178,I
9179,D
9180,E
9181,T
9182,M
9183,E
9184,W
9185,a
9186,X
9187,I
9188,N
9189,R
9190,I
9191,I
9192,N
9193,E
9194,R
9195,A
9196,C
9197,A
9198,A
9199,R
9200,O
9201,r
9202,A
9203,N
9204,P
9205,R
9206,T
9207,D
9208,A
9209,E
9210,A
9211,N
9212,I
9213,e
9214,P
9215,S
9216,e
9217,0
9218,R
9219,r
9220,I
9221,I
9222,E
9223,A
9224,E
9225,e
9226,r
9227,L
9228,I
9229,A
9230,E
9231,r
9232,L
9233,A
9234,E
9235,R
9236,E
9237,A
9238,L
9239,R
9240,m
9241,R
9242,A
9243,D
9244,A
9245,E
9246,A
9247,E
9248,R
9249,A
9250,a
9251,R
9252,I
9253,I
9254,v
9255,O
9256,E
9257,R
9258,A
9259,N
9260,L
9261,N
9262,I
9263,G
9264,T
9265,A
9266,O
9267,T
9268,O
9269,T
9270,y
9271,A
9272,E
9273,T
9274,N
9275,n
9276,3
9277,E
9278,E
9279,e
9280,L
9281,I
9282,E
9283,r
9284,S
9285,e
9286,n
9287,A
9288,A
9289,a
9290,O
9291,S
9292,P
9293,A
9294,V
9295,E
9296,h
9297,C
9298,E
9299,1
9300,T
9301,A
9302,J
9303,R
9304,A
9305,n
9306,A
9307,D
9308,3
9309,A
9310,I
9311,1
9312,R
9313,E
9314,O
9315,E
9316,A
9317,E
9318,A
9319,E
9320,A
9321,P
9322,N
9323,2
9324,S
9325,S
9326,H
9327,E
9328,O
9329,e
9330,P
9331,e
9332,L
9333,N
9334,R
9335,I
9336,i
9337,F
9338,I
9339,e
9340,N
9341,I
9342,R
9343,R
9344,S
9345,A
9346,I
9347,E
9348,A
9349,M
9350,T
9351,I
9352,O
9353,E
9354,4
9355,T
9356,A
9357,D
9358,D
9359,W
9360,R
9361,A
9362,O
9363,I
9364,a
9365,R
9366,a
9367,A
9368,T
9369,e
9370,o
9371,H
9372,O
9373,L
9374,O
9375,E
9376,C
9377,E
9378,S
9379,N
9380,5
9381,E
9382,S
9383,a
9384,s
9385,D
9386,2
9387,S
9388,P
9389,N
9390,m
9391,E
9392,2
9393,E
9394,R
9395,L
9396,M
9397,Z
9398,I
9399,T
9400,N
9401,P
9402,e
9403,S
9404,e
9405,O
9406,O
9407,O
9408,S
9409,L
9410,A
9411,A
9412,E
9413,I
9414,E
9415,S
9416,A
9417,E
9418,O
9419,O
9420,A
9421,E
9422,A
9423,H
9424,O
9425,N
9426,E
9427,I
9428,l
9429,E
9430,T
9431,r
9432,a
9433,O
9434,R
9435,E
9436,O
9437,e
9438,n
9439,u
9440,E
9441,S
9442,N
9443,R
9444,L
9445,I
9446,2
9447,n
9448,R
9449,B
9450,A
9451,O
9452,A
9453,A
9454,O
9455,N
9456,H
9457,A
9458,O
9459,A
9460,A
9461,I
9462,N
9463,I
9464,O
9465,S
9466,A
9467,E
9468,E
9469,I
9470,I
9471,P
9472,R
9473,6
9474,I
9475,A
9476,O
9477,M
9478,A
9479,e
9480,P
9481,D
9482,I
9483,P
9484,t
9485,A
9486,H
9487,N
9488,S
9489,A
9490,R
9491,h
9492,E
9493,N
9494,O
9495,S
9496,S
9497,E
9498,U
9499,R
9500,o
9501,N
9502,C
9503,C
9504,C
9505,A
9506,7
9507,A
9508,A
9509,I
9510,9
9511,E
9512,a
9513,T
9514,A
9515,3
9516,N
9517,C
9518,A
9519,E
9520,n
9521,O
9522,I
9523,S
9524,A
9525,I
9526,S
9527,e
9528,R
9529,I
9530,E
9531,L
9532,N
9533,I
9534,I
9535,E
9536,H
9537,I
9538,T
9539,E
9540,I
9541,E
9542,T
9543,o
9544,A
9545,C
9546,E
9547,D
9548,N
9549,A
9550,E
9551,M
9552,a
9553,I
9554,R
9555,S
9556,E
9557,O
9558,S
9559,e
9560,O
9561,e
9562,S
9563,R
9564,A
9565,R
9566,A
9567,T
9568,E
9569,A
9570,V
9571,e
9572,C
9573,R
9574,N
9575,I
9576,Y
9577,I
9578,S
9579,N
9580,I
9581,T
9582,T
9583,A
9584,R
9585,A
9586,L
9587,O
9588,O
9589,O
9590,O
9591,E
9592,N
9593,A
9594,O
9595,O
9596,A
9597,E
9598,i
9599,N
9600,E
9601,r
9602,E
9603,e
9604,S
9605,2
9606,1
9607,A
9608,C
9609,T
9610,e
9611,T
9612,R
9613,a
9614,L
9615,A
9616,n
9617,n
9618,E
9619,s
9620,O
9621,A
9622,O
9623,O
9624,A
9625,I
9626,T
9627,I
9628,C
9629,A
9630,N
9631,A
9632,M
9633,e
9634,E
9635,A
9636,R
9637,A
9638,A
9639,A
9640,e
9641,T
9642,I
9643,S
9644,O
9645,O
9646,O
9647,E
9648,T
9649,n
9650,T
9651,T
9652,e
9653,I
9654,n
9655,E
9656,A
9657,A
9658,S
9659,R
9660,C
9661,T
9662,E
9663,t
9664,A
9665,T
9666,i
9667,E
9668,S
9669,M
9670,M
9671,e
9672,A
9673,A
9674,A
9675,t
9676,E
9677,X
9678,C
9679,A
9680,E
9681,S
9682,R
9683,P
9684,D
9685,R
9686,E
9687,T
9688,A
9689,O
9690,T
9691,L
9692,e
9693,G
9694,1
9695,O
9696,A
9697,E
9698,N
9699,1
9700,l
9701,L
9702,A
9703,r
9704,L
9705,T
9706,r
9707,T
9708,C
9709,R
9710,C
9711,I
9712,O
9713,T
9714,E
9715,S
9716,e
9717,A
9718,A
9719,N
9720,P
9721,T
9722,O
9723,R
9724,R
9725,T
9726,T
9727,O
9728,A
9729,e
9730,A
9731,A
9732,o
9733,E
9734,M
9735,R
9736,A
9737,n
9738,t
9739,T
9740,N
9741,A
9742,R
9743,O
9744,A
9745,N
9746,E
9747,T
9748,E
9749,T
9750,A
9751,H
9752,e
9753,A
9754,N
9755,A
9756,S
9757,I
9758,A
9759,E
9760,R
9761,l
9762,H
9763,R
9764,R
9765,T
9766,R
9767,d
9768,N
9769,I
9770,I
9771,r
9772,S
9773,t
9774,e
9775,E
9776,E
9777,A
9778,7
9779,t
9780,T
9781,H
9782,A
9783,o
9784,E
9785,E
9786,M
9787,N
9788,e
9789,I
9790,s
9791,N
9792,O
9793,I
9794,I
9795,N
9796,I
9797,r
9798,E
9799,I
9800,E
9801,O
9802,A
9803,S
9804,E
9805,N
9806,A
9807,L
9808,C
9809,A
9810,R
9811,T
9812,R
9813,L
9814,I
9815,S
9816,r
9817,A
9818,i
9819,A
9820,M
9821,R
9822,N
9823,C
9824,0
9825,R
9826,E
9827,R
9828,S
9829,R
9830,G
9831,4
9832,T
9833,A
9834,O
9835,l
9836,O
9837,I
9838,A
9839,A
9840,S
9841,i
9842,E
9843,T
9844,T
9845,S
9846,M
9847,D
9848,R
9849,A
9850,2
9851,O
9852,E
9853,R
9854,O
9855,H
9856,O
9857,H
9858,A
9859,x
9860,I
9861,S
9862,E
9863,E
9864,d
9865,e
9866,R
9867,C
9868,I
9869,A
9870,I
9871,E
9872,w
9873,T
9874,y
9875,J
9876,T
9877,G
9878,o
9879,2
9880,E
9881,R
9882,A
9883,A
9884,S
9885,e
9886,7
9887,U
9888,O
9889,E
9890,S
9891,A
9892,S
9893,o
9894,H
9895,e
9896,i
9897,I
9898,e
9899,O
9900,A
9901,A
9902,P
9903,N
9904,e
9905,a
9906,T
9907,I
9908,S
9909,P
9910,A
9911,S
9912,S
9913,A
9914,E
9915,R
9916,R
9917,A
9918,E
9919,e
9920,T
9921,R
9922,R
9923,I
9924,n
9925,A
9926,E
9927,K
9928,R
9929,B
9930,e
9931,I
9932,S
9933,O
9934,C
9935,R
9936,A
9937,R
9938,A
9939,O
9940,I
9941,F
9942,I
9943,E
9944,K
9945,N
9946,r
9947,L
9948,A
9949,r
9950,V
9951,S
9952,E
9953,A
9954,S
9955,m
9956,L
9957,a
9958,T
9959,e
9960,r
9961,r
9962,A
9963,6
9964,E
9965,a
9966,A
9967,I
9968,T
9969,R
9970,D
9971,N
9972,N
9973,A
9974,P
9975,E
9976,N
9977,i
9978,T
9979,N
9980,T
9981,I
9982,S
9983,R
9984,S
9985,E
9986,A
9987,I
9988,R
9989,A
9990,I
9991,S
9992,T
9993,X
9994,M
9995,A
9996,D
9997,E
9998,T
9999,o
10000,T
10001,s
10002,R
10003,T
10004,n
10005,I
10006,R
10007,S
10008,C
10009,S
10010,n
10011,I
10012,E
10013,R
10014,L
10015,6
10016,i
10017,2
10018,I
10019,A
10020,K
10021,R
10022,S
10023,e
10024,a
10025,o
10026,O
10027,O
10028,L
10029,P
10030,L
10031,r
10032,E
10033,n
10034,A
10035,R
10036,A
10037,C
10038,C
10039,R
10040,A
10041,U
10042,A
10043,R
10044,I
10045,O
10046,R
10047,E
10048,N
10049,n
10050,E
10051,c
10052,N
10053,E
10054,T
10055,E
10056,O
10057,T
10058,T
10059,C
10060,L
10061,R
10062,o
10063,N
10064,I
10065,E
10066,I
10067,E
10068,U
10069,A
10070,S
10071,n
10072,O
10073,A
10074,S
10075,L
10076,A
10077,e
10078,O
10079,A
10080,n
10081,E
10082,E
10083,C
10084,o
10085,C
10086,N
10087,e
10088,N
10089,R
10090,T
10091,S
10092,R
10093,O
10094,A
10095,r
10096,R
10097,O
10098,A
10099,A
10100,O
10101,c
10102,O
10103,T
10104,E
10105,o
10106,E
10107,O
10108,A
10109,T
10110,N
10111,a
10112,W
10113,E
10114,E
10115,n
10116,E
10117,e
10118,I
10119,A
10120,T
10121,A
10122,O
10123,E
10124,C
10125,n
10126,O
10127,S
10128,F
10129,0
10130,R
10131,L
10132,E
10133,E
10134,I
10135,A
10136,e
10137,M
10138,O
10139,A
10140,A
10141,L
10142,O
10143,A
10144,l
10145,I
10146,A
10147,P
10148,t
10149,r
10150,G
10151,H
10152,A
10153,S
10154,t
10155,T
10156,A
10157,N
10158,1
10159,I
10160,N
10161,D
10162,H
10163,7
10164,O
10165,A
10166,O
10167,O
10168,E
10169,E
10170,S
10171,R
10172,E
10173,R
10174,A
10175,E
10176,o
10177,T
10178,P
10179,7
10180,r
10181,O
10182,P
10183,A
10184,S
10185,O
10186,e
10187,O
10188,M
10189,I
10190,a
10191,E
10192,T
10193,e
10194,T
10195,A
10196,E
10197,T
10198,d
10199,P
10200,E
10201,S
10202,E
10203,N
10204,F
10205,T
10206,A
10207,r
10208,E
10209,T
10210,A
10211,L
10212,I
10213,C
10214,A
10215,R
10216,H
10217,C
10218,a
10219,M
10220,R
10221,O
10222,O
10223,S
10224,A
10225,O
10226,P
10227,M
10228,E
10229,r
10230,L
10231,r
10232,A
10233,A
10234,n
10235,S
10236,A
10237,T
10238,t
10239,A
10240,I
10241,E
10242,U
10243,V
10244,n
10245,S
10246,P
10247,E
10248,e
10249,D
10250,I
10251,A
10252,C
10253,M
10254,O
10255,L
10256,A
10257,E
10258,r
10259,r
10260,A
10261,A
10262,S
10263,E
10264,S
10265,e
10266,O
10267,S
10268,D
10269,O
10270,M
10271,N
10272,A
10273,P
10274,O
10275,T
10276,I
10277,N
10278,A
10279,A
10280,A
10281,O
10282,I
10283,A
10284,A
10285,E
10286,O
10287,S
10288,I
10289,O
10290,O
10291,E
10292,R
10293,r
10294,R
10295,I
10296,N
10297,D
10298,L
10299,E
10300,N
10301,L
10302,3
10303,T
10304,D
10305,5
10306,E
10307,V
10308,A
10309,o
10310,N
10311,N
10312,I
10313,O
10314,S
10315,9
10316,t
10317,E
10318,E
10319,C
10320,r
10321,I
10322,T
10323,r
10324,R
10325,E
10326,O
10327,1
10328,N
10329,D
10330,E
10331,V
10332,H
10333,T
10334,9
10335,i
10336,E
10337,R
10338,6
10339,l
10340,G
10341,T
10342,O
10343,A
10344,a
10345,O
10346,o
10347,R
10348,O
10349,R
10350,n
10351,a
10352,A
10353,D
10354,I
10355,U
10356,A
10357,S
10358,H
10359,C
10360,A
10361,P
10362,I
10363,I
10364,S
10365,I
10366,T
10367,R
10368,E
10369,T
10370,I
10371,N
10372,T
10373,O
10374,P
10375,R
10376,T
10377,e
10378,I
10379,e
10380,T
10381,E
10382,S
10383,T
10384,P
10385,i
10386,F
10387,S
10388,S
10389,S
10390,s
10391,S
10392,M
10393,S
10394,A
10395,M
10396,E
10397,I
10398,o
10399,2
10400,P
10401,O
10402,a
10403,R
10404,e
10405,E
10406,N
10407,A
10408,T
10409,H
10410,O
10411,E
10412,S
10413,T
10414,E
10415,i
10416,N
10417,e
10418,a
10419,O
10420,r
10421,T
10422,R
10423,O
10424,T
10425,M
10426,K
10427,E
10428,A
10429,e
10430,M
10431,U
10432,A
10433,I
10434,a
10435,Y
10436,T
10437,A
10438,D
10439,I
10440,D
10441,P
10442,l
10443,0
10444,L
10445,A
10446,I
10447,r
10448,I
10449,A
10450,E
10451,O
10452,R
10453,A
10454,A
10455,C
10456,E
10457,R
10458,R
10459,O
10460,A
10461,L
10462,r
10463,A
10464,E
10465,Y
10466,I
10467,O
10468,T
10469,o
10470,0
10471,L
10472,C
10473,A
10474,e
10475,O
10476,e
10477,A
10478,M
10479,I
10480,M
10481,O
10482,a
10483,I
10484,O
10485,T
10486,I
10487,H
10488,e
10489,E
10490,A
10491,A
10492,S
10493,O
10494,D
10495,i
10496,E
10497,E
10498,A
10499,T
10500,d
10501,o
10502,E
10503,O
10504,R
10505,S
10506,t
10507,R
10508,A
10509,e
10510,R
10511,R
10512,O
10513,R
10514,0
10515,V
10516,U
10517,i
10518,E
10519,A
10520,N
10521,M
10522,S
10523,O
10524,R
10525,l
10526,H
10527,O
10528,T
10529,N
10530,M
10531,A
10532,G
10533,r
10534,e
10535,0
10536,I
10537,E
10538,r
10539,S
10540,o
10541,E
10542,S
10543,i
10544,A
10545,m
10546,O
10547,S
10548,O
10549,A
10550,N
10551,L
10552,D
10553,R
10554,N
10555,I
10556,D
10557,A
10558,T
10559,L
10560,R
10561,I
10562,O
10563,V
10564,b
10565,E
10566,e
10567,V
10568,R
10569,R
10570,P
10571,O
10572,n
10573,r
10574,A
10575,A
10576,t
10577,H
10578,F
10579,R
10580,T
10581,O
10582,S
10583,E
10584,M
10585,A
10586,E
10587,O
10588,T
10589,o
10590,S
10591,I
10592,O
10593,N
10594,O
10595,A
10596,E
10597,P
10598,r
10599,a
10600,R
10601,R
10602,A
10603,M
10604,n
10605,t
10606,T
10607,S
10608,t
10609,E
10610,M
10611,E
10612,O
10613,0
10614,T
10615,R
10616,N
10617,T
10618,O
10619,O
10620,T
10621,r
10622,L
10623,R
10624,S
10625,E
10626,S
10627,A
10628,A
10629,N
10630,R
10631,I
10632,A
10633,r
10634,C
10635,r
10636,E
10637,E
10638,s
10639,S
10640,A
10641,a
10642,H
10643,I
10644,B
10645,E
10646,e
10647,S
10648,r
10649,O
10650,L
10651,N
10652,A
10653,i
10654,O
10655,I
10656,A
10657,A
10658,N
10659,r
10660,R
10661,Y
10662,R
10663,2
10664,S
10665,R
10666,C
10667,H
10668,e
10669,A
10670,I
10671,L
10672,I
10673,M
10674,A
10675,s
10676,S
10677,U
10678,I
10679,S
10680,R
10681,m
10682,R
10683,0
10684,1
10685,R
10686,S
10687,e
10688,A
10689,P
10690,O
10691,O
10692,I
10693,L
10694,A
10695,l
10696,M
10697,E
10698,e
10699,A
10700,T
10701,I
10702,A
10703,A
10704,N
10705,E
10706,I
10707,N
10708,O
10709,I
10710,e
10711,A
10712,e
10713,S
10714,I
10715,R
10716,A
10717,M
10718,R
10719,T
10720,i
10721,0
10722,A
10723,T
10724,I
10725,T
10726,N
10727,I
10728,A
10729,L
10730,C
10731,N
10732,O
10733,S
10734,N
10735,C
10736,A
10737,O
10738,d
10739,O
10740,S
10741,r
10742,T
10743,A
10744,A
10745,T
10746,n
10747,T
10748,E
10749,C
10750,G
10751,A
10752,E
10753,t
10754,T
10755,R
10756,H
10757,A
10758,A
10759,E
10760,I
10761,6
10762,A
10763,R
10764,N
10765,C
10766,G
10767,Y
10768,R
10769,I
10770,S
10771,A
10772,T
10773,I
10774,R
10775,s
10776,T
10777,I
10778,N
10779,N
10780,E
10781,N
10782,I
10783,R
10784,E
10785,A
10786,R
10787,A
10788,B
10789,r
10790,N
10791,D
10792,m
10793,R
10794,T
10795,I
10796,M
10797,P
10798,i
10799,E
10800,R
10801,O
10802,T
10803,E
10804,t
10805,d
10806,O
10807,R
10808,R
10809,T
10810,M
10811,R
10812,S
10813,E
10814,L
10815,A
10816,E
10817,S
10818,O
10819,I
10820,r
10821,E
10822,R
10823,R
10824,O
10825,A
10826,E
10827,L
10828,E
10829,R
10830,T
10831,O
10832,I
10833,S
10834,A
10835,e
10836,r
10837,O
10838,a
10839,E
10840,n
10841,H
10842,V
10843,T
10844,a
10845,A
10846,S
10847,M
10848,N
10849,H
10850,C
10851,L
10852,N
10853,A
10854,S
10855,N
10856,R
10857,O
10858,O
10859,N
10860,E
10861,A
10862,R
10863,T
10864,O
10865,A
10866,E
10867,E
10868,7
10869,A
10870,I
10871,I
10872,D
10873,O
10874,e
10875,E
10876,S
10877,1
10878,h
10879,n
10880,A
10881,N
10882,r
10883,K
10884,E
10885,E
10886,P
10887,R
10888,P
10889,R
10890,R
10891,T
10892,I
10893,S
10894,N
10895,T
10896,E
10897,C
10898,t
10899,C
10900,T
10901,O
10902,C
10903,I
10904,O
10905,O
10906,A
10907,A
10908,E
10909,r
10910,A
10911,I
10912,I
10913,J
10914,N
10915,a
10916,r
10917,M
10918,I
10919,e
10920,E
10921,K
10922,S
10923,A
10924,I
10925,E
10926,N
10927,L
10928,O
10929,I
10930,A
10931,O
10932,9
10933,a
10934,L
10935,H
10936,A
10937,E
10938,t
10939,I
10940,S
10941,O
10942,N
10943,N
10944,E
10945,O
10946,r
10947,r
10948,I
10949,n
10950,C
10951,C
10952,E
10953,T
10954,a
10955,T
10956,6
10957,A
10958,6
10959,e
10960,O
10961,A
10962,A
10963,A
10964,H
10965,T
10966,e
10967,O
10968,A
10969,N
10970,A
10971,O
10972,A
10973,U
10974,E
10975,N
10976,n
10977,A
10978,O
10979,R
10980,N
10981,T
10982,A
10983,o
10984,I
10985,E
10986,a
10987,H
10988,R
10989,2
10990,n
10991,T
10992,e
10993,e
10994,s
10995,O
10996,O
10997,R
10998,O
10999,A
11000,A
11001,A
11002,A
11003,C
11004,U
11005,P
11006,A
11007,O
11008,I
11009,O
11010,N
11011,T
11012,R
11013,A
11014,K
11015,N
11016,S
11017,N
11018,O
11019,A
11020,S
11021,E
11022,r
11023,t
11024,D
11025,T
11026,S
11027,M
11028,R
11029,D
11030,E
11031,M
11032,T
11033,S
11034,C
11035,E
11036,C
11037,C
11038,I
11039,I
11040,A
11041,A
11042,T
11043,R
11044,V
11045,E
11046,O
11047,E
11048,A
11049,N
11050,O
11051,C
11052,i
11053,O
11054,P
11055,t
11056,G
11057,E
11058,R
11059,A
11060,A
11061,r
11062,A
11063,R
11064,V
11065,J
11066,n
11067,O
11068,R
11069,S
11070,E
11071,o
11072,A
11073,I
11074,E
11075,N
11076,E
11077,e
11078,4
11079,O
11080,A
11081,L
11082,L
11083,N
11084,i
11085,n
11086,e
11087,I
11088,2
11089,a
11090,A
11091,T
11092,E
11093,N
11094,T
11095,r
11096,R
11097,O
11098,I
11099,a
11100,y
11101,O
11102,A
11103,O
11104,C
11105,N
11106,e
11107,L
11108,T
11109,o
11110,E
11111,R
11112,E
11113,P
11114,i
11115,E
11116,n
11117,S
11118,S
11119,D
11120,3
11121,R
11122,A
11123,A
11124,E
11125,R
11126,R
11127,r
11128,O
11129,D
11130,e
11131,O
11132,V
11133,I
11134,T
11135,N
11136,P
11137,O
11138,I
11139,A
11140,e
11141,D
11142,P
11143,O
11144,E
11145,H
11146,t
11147,F
11148,H
11149,R
11150,0
11151,N
11152,I
11153,E
11154,v
11155,A
11156,M
11157,E
11158,A
11159,R
11160,G
11161,Y
11162,E
11163,S
11164,O
11165,R
11166,A
11167,E
11168,O
11169,A
11170,A
11171,i
11172,E
11173,E
11174,i
11175,e
11176,E
11177,N
11178,H
11179,T
11180,T
11181,v
11182,A
11183,S
11184,E
11185,r
11186,O
11187,O
11188,S
11189,A
11190,L
11191,C
11192,R
11193,O
11194,N
11195,I
11196,R
11197,A
11198,D
11199,E
11200,G
11201,e
11202,R
11203,T
11204,N
11205,a
11206,O
11207,E
11208,N
11209,A
11210,O
11211,N
11212,A
11213,N
11214,R
11215,a
11216,E
11217,N
11218,E
11219,R
11220,A
11221,O
11222,A
11223,E
11224,a
11225,D
11226,M
11227,E
11228,o
11229,D
11230,R
11231,z
11232,3
11233,l
11234,n
11235,E
11236,R
11237,O
11238,O
11239,a
11240,I
11241,L
11242,R
11243,O
11244,I
11245,O
11246,E
11247,N
11248,O
11249,n
11250,R
11251,O
11252,S
11253,R
11254,1
11255,O
11256,P
11257,A
11258,T
11259,E
11260,O
11261,N
11262,O
11263,I
11264,O
11265,n
11266,D
11267,E
11268,S
11269,a
11270,A
11271,C
11272,O
11273,L
11274,R
11275,Y
11276,G
11277,D
11278,R
11279,n
11280,O
11281,E
11282,A
11283,I
11284,S
11285,E
11286,T
11287,I
11288,M
11289,r
11290,1
11291,R
11292,S
11293,O
11294,R
11295,N
11296,T
11297,L
11298,O
11299,A
11300,P
11301,D
11302,N
11303,R
11304,E
11305,A
11306,D
11307,M
11308,T
11309,E
11310,A
11311,E
11312,S
11313,t
11314,S
11315,0
11316,I
11317,U
11318,o
11319,M
11320,E
11321,A
11322,R
11323,I
11324,E
11325,E
11326,5
11327,I
11328,H
11329,O
11330,T
11331,S
11332,A
11333,O
11334,r
11335,O
11336,E
11337,A
11338,i
11339,R
11340,D
11341,v
11342,e
11343,I
11344,n
11345,A
11346,E
11347,O
11348,E
11349,O
11350,E
11351,O
11352,T
11353,T
11354,A
11355,9
11356,C
11357,E
11358,C
11359,0
11360,N
11361,T
11362,T
11363,A
11364,r
11365,I
11366,M
11367,A
11368,S
11369,R
11370,I
11371,D
11372,L
11373,i
11374,h
11375,A
11376,R
11377,m
11378,I
11379,M
11380,C
11381,W
11382,S
11383,e
11384,R
11385,6
11386,I
11387,e
11388,t
11389,R
11390,A
11391,L
11392,O
11393,O
11394,A
11395,A
11396,U
11397,O
11398,R
11399,O
11400,N
11401,T
11402,l
11403,L
11404,I
11405,O
11406,I
11407,I
11408,W
11409,H
11410,U
11411,R
11412,I
11413,O
11414,C
11415,P
11416,S
11417,r
11418,e
11419,U
11420,R
11421,O
11422,A
11423,A
11424,e
11425,E
11426,E
11427,E
11428,N
11429,7
11430,E
11431,R
11432,L
11433,h
11434,O
11435,S
11436,E
11437,e
11438,A
11439,r
11440,O
11441,R
11442,A
11443,A
11444,e
11445,D
11446,A
11447,E
11448,S
11449,O
11450,E
11451,I
11452,E
11453,E
11454,S
11455,P
11456,Y
11457,a
11458,E
11459,R
11460,R
11461,S
11462,I
11463,R
11464,T
11465,L
11466,R
11467,I
11468,A
11469,U
11470,T
11471,s
11472,3
11473,I
11474,1
11475,N
11476,S
11477,A
11478,R
11479,E
11480,O
11481,o
11482,I
11483,K
11484,S
11485,e
11486,A
11487,N
11488,R
11489,N
11490,a
11491,r
11492,S
11493,U
11494,E
11495,A
11496,C
11497,r
11498,3
11499,2
11500,O
11501,r
11502,E
11503,M
11504,I
11505,e
11506,S
11507,O
11508,i
11509,o
11510,a
11511,r
11512,I
11513,O
11514,E
11515,O
11516,o
11517,C
11518,H
11519,c
11520,I
11521,R
11522,M
11523,L
11524,O
11525,O
11526,r
11527,A
11528,O
11529,n
11530,R
11531,A
11532,D
11533,P
11534,A
11535,C
11536,T
11537,V
11538,e
11539,i
11540,U
11541,S
11542,A
11543,R
11544,A
11545,C
11546,A
11547,e
11548,I
11549,O
11550,O
11551,E
11552,I
11553,I
11554,C
11555,I
11556,A
11557,C
11558,R
11559,n
11560,e
11561,S
11562,I
11563,i
11564,I
11565,E
11566,0
11567,A
11568,S
11569,A
11570,T
11571,A
11572,U
11573,C
11574,T
11575,A
11576,D
11577,N
11578,L
11579,S
11580,O
11581,L
11582,R
11583,n
11584,L
11585,I
11586,S
11587,R
11588,O
11589,L
11590,E
11591,E
11592,O
11593,T
11594,O
11595,I
11596,A
11597,e
11598,T
11599,N
11600,T
11601,R
11602,A
11603,U
11604,A
11605,A
11606,D
11607,O
11608,n
11609,S
11610,R
11611,R
11612,E
11613,R
11614,A
11615,L
11616,n
11617,V
11618,A
11619,N
11620,A
11621,E
11622,T
11623,E
11624,R
11625,T
11626,I
11627,d
11628,O
11629,K
11630,T
11631,T
11632,0
11633,S
11634,A
11635,P
11636,o
11637,T
11638,E
11639,S
11640,C
11641,I
11642,T
11643,N
11644,E
11645,T
11646,H
11647,C
11648,e
11649,A
11650,I
11651,T
11652,R
11653,R
11654,O
11655,E
11656,5
11657,o
11658,O
11659,R
11660,O
11661,A
11662,L
11663,E
11664,A
11665,O
11666,S
11667,E
11668,W
11669,C
11670,I
11671,G
11672,V
11673,S
11674,N
11675,L
11676,E
11677,M
11678,A
11679,o
11680,S
11681,N
11682,N
11683,s
11684,e
11685,T
11686,T
11687,M
11688,O
11689,O
11690,C
11691,A
11692,N
11693,A
11694,R
11695,O
11696,6
11697,S
11698,e
11699,M
11700,l
11701,E
11702,X
11703,E
11704,A
11705,A
11706,A
11707,L
11708,E
11709,T
11710,e
11711,C
11712,S
11713,e
11714,g
11715,A
11716,H
11717,I
11718,S
11719,T
11720,a
11721,A
11722,n
11723,A
11724,S
11725,O
11726,N
11727,e
11728,A
11729,e
11730,E
11731,I
11732,3
11733,E
11734,C
11735,C
11736,O
11737,2
11738,S
11739,A
11740,e
11741,E
11742,e
11743,N
11744,E
11745,E
11746,Y
11747,e
11748,A
11749,A
11750,H
11751,N
11752,A
11753,T
11754,E
11755,S
11756,A
11757,T
11758,r
11759,I
11760,3
11761,N
11762,N
11763,M
11764,M
11765,e
11766,O
11767,S
11768,I
11769,O
11770,H
11771,N
11772,O
11773,N
11774,O
11775,E
11776,E
11777,N
11778,S
11779,S
11780,R
11781,S
11782,A
11783,R
11784,A
11785,I
11786,E
11787,R
11788,O
11789,R
11790,A
11791,r
11792,L
11793,V
11794,a
11795,E
11796,I
11797,I
11798,L
11799,E
11800,E
11801,N
11802,A
11803,I
11804,e
11805,I
11806,2
11807,T
11808,R
11809,K
11810,O
11811,T
11812,R
11813,O
11814,E
11815,R
11816,N
11817,S
11818,V
11819,H
11820,R
11821,N
11822,Y
11823,n
11824,A
11825,I
11826,T
11827,I
11828,T
11829,G
11830,I
11831,t
11832,I
11833,a
11834,S
11835,a
11836,n
11837,A
11838,s
11839,E
11840,E
11841,o
11842,I
11843,N
11844,E
11845,S
11846,I
11847,R
11848,A
11849,X
11850,S
11851,O
11852,D
11853,A
11854,o
11855,E
11856,I
11857,T
11858,L
11859,O
11860,R
11861,o
11862,S
11863,E
11864,F
11865,I
11866,D
11867,A
11868,r
11869,o
11870,A
11871,I
11872,a
11873,A
11874,C
11875,o
11876,T
11877,R
11878,A
11879,D
11880,N
11881,e
11882,I
11883,N
11884,o
11885,T
11886,S
11887,R
11888,T
11889,M
11890,A
11891,a
11892,T
11893,L
11894,R
11895,N
11896,B
11897,E
11898,O
11899,D
11900,C
11901,s
11902,H
11903,T
11904,1
11905,O
11906,R
11907,A
11908,S
11909,F
11910,L
11911,S
11912,R
11913,E
11914,S
11915,e
11916,S
11917,S
11918,E
11919,M
11920,R
11921,P
11922,U
11923,A
11924,e
11925,M
11926,R
11927,O
11928,L
11929,H
11930,A
11931,O
11932,L
11933,n
11934,E
11935,2
11936,O
11937,E
11938,i
11939,e
11940,E
11941,O
11942,N
11943,A
11944,c
11945,S
11946,A
11947,T
11948,H
11949,O
11950,D
11951,O
11952,A
11953,T
11954,e
11955,O
11956,O
11957,G
11958,N
11959,R
11960,e
11961,O
11962,E
11963,E
11964,a
11965,R
11966,T
11967,r
11968,K
11969,T
11970,T
11971,E
11972,F
11973,S
11974,T
11975,C
11976,I
11977,E
11978,O
11979,A
11980,L
11981,P
11982,A
11983,R
11984,R
11985,O
11986,R
11987,H
11988,D
11989,E
11990,O
11991,R
11992,R
11993,K
11994,N
11995,C
11996,m
11997,A
11998,A
11999,E
12000,T
12001,I
12002,I
12003,W
12004,N
12005,r
12006,A
12007,M
12008,A
12009,A
12010,S
12011,A
12012,N
12013,E
12014,7
12015,P
12016,A
12017,R
12018,I
12019,D
12020,T
12021,E
12022,H
12023,B
12024,S
12025,N
12026,S
12027,M
12028,C
12029,I
12030,e
12031,e
12032,A
12033,r
12034,O
12035,R
12036,E
12037,r
12038,L
12039,E
12040,D
12041,O
12042,E
12043,O
12044,C
12045,A
12046,s
12047,R
12048,R
12049,i
12050,R
12051,E
12052,S
12053,E
12054,S
12055,R
12056,A
12057,R
12058,o
12059,R
12060,A
12061,S
12062,I
12063,A
12064,M
12065,M
12066,e
12067,T
12068,H
12069,I
12070,A
12071,H
12072,C
12073,R
12074,A
12075,O
12076,E
12077,R
12078,T
12079,H
12080,R
12081,E
12082,a
12083,I
12084,S
12085,e
12086,a
12087,E
12088,e
12089,S
12090,A
12091,R
12092,M
12093,I
12094,T
12095,A
12096,L
12097,e
12098,r
12099,R
12100,7
12101,r
12102,e
12103,O
12104,L
12105,I
12106,r
12107,T
12108,S
12109,n
12110,o
12111,A
12112,I
12113,N
12114,N
12115,0
12116,K
12117,E
12118,r
12119,N
12120,l
12121,Y
12122,E
12123,R
12124,L
12125,T
12126,I
12127,A
12128,S
12129,J
12130,Z
12131,D
12132,R
12133,E
12134,E
12135,O
12136,I
12137,U
12138,O
12139,H
12140,E
12141,C
12142,L
12143,S
12144,A
12145,A
12146,A
12147,I
12148,A
12149,E
12150,A
12151,D
12152,E
12153,A
12154,C
12155,T
12156,T
12157,A
12158,E
12159,O
12160,E
12161,L
12162,R
12163,T
12164,I
12165,o
12166,A
12167,O
12168,P
12169,O
12170,S
12171,C
12172,A
12173,I
12174,T
12175,I
12176,S
12177,A
12178,E
12179,O
12180,r
12181,C
12182,D
12183,C
12184,R
12185,B
12186,A
12187,D
12188,t
12189,E
12190,N
12191,D
12192,E
12193,S
12194,E
12195,N
12196,R
12197,0
12198,3
12199,n
12200,A
12201,E
12202,N
12203,s
12204,T
12205,S
12206,A
12207,s
12208,7
12209,S
12210,I
12211,I
12212,G
12213,N
12214,I
12215,E
12216,R
12217,R
12218,T
12219,R
12220,m
12221,I
12222,O
12223,R
12224,E
12225,E
12226,J
12227,O
12228,I
12229,R
12230,O
12231,E
12232,e
12233,r
12234,N
12235,E
12236,D
12237,T
12238,A
12239,E
12240,E
12241,B
12242,A
12243,T
12244,P
12245,H
12246,H
12247,R
12248,L
12249,R
12250,E
12251,H
12252,D
12253,n
12254,O
12255,T
12256,A
12257,9
12258,I
12259,e
12260,I
12261,O
12262,S
12263,D
12264,S
12265,2
12266,O
12267,R
12268,N
12269,C
12270,S
12271,O
12272,2
12273,T
12274,O
12275,O
12276,O
12277,I
12278,2
12279,E
12280,R
12281,E
12282,O
12283,P
12284,L
12285,T
12286,e
12287,E
12288,E
12289,E
12290,N
12291,i
12292,A
12293,A
12294,N
12295,c
12296,m
12297,R
12298,C
12299,O
12300,I
12301,N
12302,E
12303,O
12304,R
12305,R
12306,A
12307,O
12308,A
12309,r
12310,e
12311,A
12312,M
12313,D
12314,M
12315,R
12316,A
12317,C
12318,E
12319,n
12320,R
12321,C
12322,i
12323,e
12324,R
12325,A
12326,N
12327,r
12328,S
12329,I
12330,I
12331,O
12332,F
12333,F
12334,r
12335,O
12336,N
12337,E
12338,N
12339,7
12340,R
12341,R
12342,S
12343,T
12344,E
12345,T
12346,I
12347,O
12348,n
12349,A
12350,A
12351,S
12352,A
12353,E
12354,R
12355,n
12356,E
12357,A
12358,M
12359,A
12360,A
12361,A
12362,I
12363,Y
12364,T
12365,P
12366,K
12367,H
12368,E
12369,I
12370,A
12371,O
12372,E
12373,E
12374,N
12375,R
12376,O
12377,N
12378,C
12379,C
12380,e
12381,C
12382,T
12383,O
12384,O
12385,A
12386,C
12387,t
12388,E
12389,U
12390,r
12391,I
12392,L
12393,r
12394,D
12395,P
12396,C
12397,A
12398,E
12399,N
12400,A
12401,E
12402,L
12403,l
12404,D
12405,A
12406,A
12407,E
12408,T
12409,L
12410,N
12411,O
12412,N
12413,N
12414,I
12415,E
12416,I
12417,I
12418,0
12419,7
12420,6
12421,A
12422,I
12423,R
12424,R
12425,H
12426,A
12427,R
12428,E
12429,O
12430,O
12431,E
12432,E
12433,R
12434,i
12435,D
12436,E
12437,A
12438,P
12439,R
12440,R
12441,G
12442,A
12443,M
12444,O
12445,A
12446,S
12447,I
12448,o
12449,C
12450,A
12451,N
12452,A
12453,E
12454,i
12455,C
12456,I
12457,I
12458,I
12459,I
12460,A
12461,S
12462,i
12463,S
12464,y
12465,E
12466,N
12467,e
12468,e
12469,N
12470,C
12471,T
12472,R
12473,u
12474,E
12475,I
12476,S
12477,T
12478,n
12479,A
12480,O
12481,M
12482,A
12483,L
12484,O
12485,A
12486,O
12487,A
12488,N
12489,A
12490,E
12491,S
12492,R
12493,A
12494,A
12495,C
12496,E
12497,I
12498,K
12499,O
12500,D
12501,E
12502,A
12503,E
